Question,Similarity Search Context,Answer,Bleu Score,Rouge Score
Quais são os efeitos colaterais do Zytiga?,"pode levar a colapso com perigode vida). Os indivíduos que manipulem rotineiramente as formulações em pó estãomais predispostos a desenvolver estas reações (ver secção 2).Se tiver quaisquer efeitos secundários, incluindo possíveis efeitos secundários nãoindicados neste folheto, fale com o seu médico ou farmacêutico.","Os possíveis efeitos colaterais do Zytiga incluem colapso com perigo de vida. Indivíduos que manipulam rotineiramente as formulações em pó estão mais predispostos a desenvolver essas reações. É importante consultar o médico ou farmacêutico em caso de qualquer efeito colateral, incluindo possíveis efeitos não indicados neste folheto.",0.0005234075107760959,0.10068649885583524
Quais são os efeitos negativos ao tomar Saridon?,"eles são potencialmente graves – assim, se tiver qualquer destes sintomas:Contacte o seu médico o mais rapidamente possível.Efeitos secundários muito frequentes: (podem afetar mais de 1 em cada 10 pessoas)•     Hemorragias nasais (normalmente menores), especialmente se utilizar Avamys por mais de 6      semanas continuamente.Efeitos secundários frequentes (podem afetar até 1 em cada 10 pessoas)• Ulceração nasal – que pode causar irritação ou desconforto no nariz. Poderá também observar    laivos de sangue ao assoar-se.• Dor de cabeça.• Falta de ar.Efeitos secundários pouco frequentes (podem afetar até 1 em cada 100 pessoas)• Dor, ardor, irritação, fossas nasais doridas ou secas.Efeitos secundários muito raros (podem afetar até 1 em cada 10.000 pessoas)• Pequenos orifícios (perfurações) na elevação do interior do nariz que separa as duas narinas.Desconhecido (a frequência não pode ser estimada a partir dos dados disponíveis)• Atraso no crescimento de crianças.• Visão turva ou","Os efeitos negativos ao tomar Saridon podem incluir hemorragias nasais, ulceração nasal, dor de cabeça, falta de ar, dor, ardor, irritação ou secura nasal, pequenos orifícios (perfurações) na elevação do interior do nariz que separa as duas narinas, atraso no crescimento de crianças e visão turva. É importante entrar em contato com o médico caso apresente algum desses sintomas.",0.0008696460698080069,0.08118081180811808
Em que situações o remédio de Isotretinoína é contraindicado?,"parar de tomar IsotretinoínaAurovitas, deverá contactar o seu médico. O seu médico pode encaminhá-lo a umespecialista para aconselhamento.O seu médico possui informação escrita sobre a prevenção da gravidez para utilizadoresda Isotretinoína Aurovitas a qual lhe deve ser fornecida.. É necessária uma nova prescrição para mais tratamentos. Cada prescrição tem avalidade apenas de 7 dias.Conselhos destinados aos homensOs níveis de retinóide oral no sémen de homens que tomam Isotretinoína Aurovitassão demasiado baixos para prejudicar o feto da sua parceira. No entanto, nuncadeve partilhar a sua medicação com ninguém.Precauções adicionais Nunca deve dar este medicamento a outra pessoa. Por favor leve as cápsulas nãoutilizadas ao seu farmacêutico no final do tratamento. Não deve doar sangue durante o tratamento com este medicamento e durante 1mês após ter parado Isotretinoína Aurovitas porque o feto pode ser afetado se umadoente grávida receber o seu sangue.Problemas de saúde mentalPoderá não","A Isotretinoína é contraindicada em casos de gravidez, amamentação, hipersensibilidade ao medicamento, doenças hepáticas graves, níveis elevados de lipídios no sangue, hipervitaminose A e em pacientes com problemas de saúde mental. É importante consultar um médico antes de iniciar o tratamento com Isotretinoína.",0.00010223633362300509,0.030159414045669974
Qual é a dose recomendada de Citalopram Genedec?,"Qual a composição de Citalopram GenedecA substância ativa é citalopram.Um comprimido contém 10 mg citalopram (como 12,495 mg de bromidrato decitalopram)Um comprimido contém 20 mg citalopram (como 24,99 mg de bromidrato decitalopram)Um comprimido contém 40 mg citalopram (como 49,98 mg de bromidrato decitalopram)Os outros componentes são:Núcleo: manitol (E421), celulose microcristalina, sílica coloidal anidra e estearato demagnésio;Revestimento: hipromelose, dióxido de titânio (E171) (Cl 77891) e Macrogol 6000.Qual o aspeto de Citalopram Genedec e conteúdo da embalagemComprimidos revestidos por película em embalagens de 10, 30 ou 60 comprimidos.É possível que não sejam comercializadas todas as apresentações.","A dose recomendada de Citalopram Genedec varia de acordo com a indicação médica. Geralmente, a dose inicial é de 20 mg por dia, podendo ser aumentada para até 40 mg por dia, dependendo da resposta do paciente ao tratamento. É importante seguir as orientações do médico e não alterar a dose por conta própria.",0.000253874582994506,0.06571741511500548
Como devo armazenar o Rivotril?,"medicadascom antiepiléticos. As malformações mais frequentes são dos lábios e cavidade oral, aparelhocardiovascular e tubo neural.Se estiver a planear engravidar ou se descobriu que está grávida, informe o seu médicoimediatamente.Embora o clonazepam passe para o leite materno apenas em pequenas quantidades, as mãestratadas com Rivotril não devem amamentar. Se o tratamento com Rivotril for absolutamentenecessário, deve abandonar-se o aleitamento materno.Condução de veículos e utilização de máquinasMesmo quando utilizado conforme prescrito, Rivotril pode tornar as suas reações mais lentas,afetando a sua capacidade de conduzir ou utilizar máquinas. Este efeito é agravado pela ingestãode álcool.Assim, deverá evitar a realização de atividades como conduzir, utilizar máquinas ou fazer outrastarefas potencialmente perigosas durante o tratamento com Rivotril, e especialmente no seuinício. O seu médico irá aconselhá-lo sobre esta situação, com base na sua dose e resposta aotratamento.Rivotril","O Rivotril deve ser armazenado em local fresco e seco, protegido da luz e da umidade. É importante mantê-lo fora do alcance de crianças e animais de estimação.",0.0019424243712825068,0.15517241379310345
Quais são os efeitos colaterais do Diazepam Bluefish?,"Não tome Diazepam Bluefishse tem alergia ao diazepam ou a qualquer outro componente deste medicamento(indicados na secção 6).se tem alergia (hipersensibilidade) a outras benzodiazepinas.se tem dificuldade em respirar, durante algum tempo, relacionadas ou não com o sono.se tem uma condição chamada “miastenia grave”, que é caracterizada por fraquezamuscular e fadiga.se tem problemas respiratórios graves (falência respiratória grave).se tem problemas graves de fígado (falência hepática grave).se sofre de dependência de drogas ou álcool, não deve tomar Diazepam Bluefish, a menosque o seu médico lhe tenha indicado.Este medicamento não está recomendado para o tratamento de primeira linha da doençapsicótica (distúrbios mentais graves que causam ideias e perceções anormais), nem deveser utilizado como monoterapia em doentes com depressão, associada ou não a ansiedade.O seu médico irá, provavelmente, receitar outro fármaco nestes casos.Não utilize este medicamento em crianças","Os efeitos colaterais do Diazepam Bluefish podem incluir sonolência, tontura, fraqueza muscular, confusão, dificuldade de coordenação, visão turva, boca seca, náuseas, constipação e alterações no apetite. É importante informar ao médico qualquer efeito colateral que seja persistente ou preocupante.",0.00036326016150964904,0.07106598984771574
Quais são os riscos de usar o GlucaGen?,"ser deitada fora.• Depois de utilizar GlucaGen, deve contactar, ou alguém deve contactarpor si, o seu     médico ou um profissional de saúde. Precisa dedescobrir a razão pela qual teve um baixo       nível de açúcar nosangue e como evitar que se repita.Não utilize GlucaGen se:• tem alergia ao glucagom ou a qualquer outro componente destemedicamento (indicados na secção 6).• tem um tumor nas glândulas supra-renais.Se alguma destas situações se aplicar, não utilize GlucaGen.Advertências e precauçõesFale com o seu médico, farmacêutico ou enfermeiro antes de utilizarGlucaGen.GlucaGen não terá um efeito adequado se:• fez um jejum muito prolongado• tem níveis baixos de adrenalina• tem um baixo nível de açúcar no sangue, causado por consumo excessivode álcool• tem um tumor que liberte glucagom ou insulina.Se alguma destas situações se aplicar, consulte o seu médico oufarmacêutico.Outros medicamentos e GlucaGenOs seguintes medicamentos podem afetar o efeito de GlucaGen:• insulina – usada para","Os riscos de usar o GlucaGen incluem possíveis reações alérgicas ao glucagon ou a qualquer outro componente do medicamento, bem como a possibilidade de não obter o efeito desejado se o paciente estiver em jejum prolongado, tiver níveis baixos de adrenalina, tiver baixo nível de açúcar no sangue causado por consumo excessivo de álcool ou tiver um tumor que libere glucagon ou insulina. É importante consultar um médico ou farmacêutico antes de utilizar o GlucaGen para avaliar se há algum risco específico para o paciente.",0.0004187651419823169,0.17905405405405406
Como tomar o Abolibe Forte?,"Abolibe Forte
Definition: Grupo Farmacoterapêutico: 2.13.1 - Sistema nervoso Central. Outros medicamentos comacção no sistema nervoso. Medicamentos utilizados no tratamento sintomático dasalterações das funções cognitivas.Abolibe Forte está indicado no tratamento da demência ligeira a moderada.","A posologia recomendada para o Abolibe Forte é de 1 comprimido, duas vezes ao dia, de preferência durante as refeições. É importante seguir as orientações do médico ou farmacêutico para obter os melhores resultados e evitar possíveis efeitos colaterais.",0.0010637393707171815,0.14285714285714285
Qual é a composição de Soolantra?,"Qual a composição de SoolantraA substância ativa é a ivermectina. Um grama de creme contém 10 mg deivermectina.Os outros componentes são glicerol, palmitato de isopropilo, carbómero, dimeticone,edetato dissódico, ácido cítrico mono-hidratado, álcool cetílico, álcool estearílico, étercetoestearílico de macrogol, estearato de sorbitano, para-hidroxibenzoato de metilo(E218), para-hidroxibenzoato de propilo (E216), fenoxietanol, propilenoglicol, álcoololeílico, hidróxido de sódio, água purificada.Qual o aspeto de Soolantra e conteúdo da embalagemSoolantra é um creme branco a ligeiramente amarelado. É acondicionado embisnagas de 2, 15, 30, 45 ou 60 gramas.As bisnagas maiores (15, 30, 45 ou 60 gramas) apresentam uma tampa resistente àabertura por crianças.Apresentação de 1 bisnaga.É possível que não sejam comercializadas todas as apresentações.","A composição de Soolantra é composta pela substância ativa ivermectina, além dos seguintes componentes: glicerol, palmitato de isopropilo, carbómero, dimeticone, edetato dissódico, ácido cítrico mono-hidratado, álcool cetílico, álcool estearílico, éter cetoestearílico de macrogol, estearato de sorbitano, para-hidroxibenzoato de metilo (E218), para-hidroxibenzoato de propilo (E216), fenoxietanol, propilenoglicol, álcool oleílico, hidróxido de sódio e água purificada.",0.0013198357159485213,0.5671641791044777
O que pode acontecer ao tomar Circadin?,"doenças autoimunes; por conseguinte, deve falar com o seu médico      antes de tomar Circadin uma vez que a sua utilização não é recomendada.     Circadin pode fazer com que se sinta sonolento, pelo que deve tomar cuidado se a sonolência o      afetar uma vez que pode interferir com a sua capacidade para realizar certas tarefas, como por      exemplo conduzir.     O tabagismo pode tornar Circadin menos eficaz, uma vez que os componentes do fumo do      tabaco podem aumentar a decomposição da melatonina pelo fígado.Crianças e adolescentesNão dê este medicamento a crianças com idades compreendidas entre os 0 e os 18 anos uma vez queainda não foi testado e os seus efeitos são desconhecidos. Outro medicamento contendo melatoninapode ser mais adequado para administrar a crianças com idades compreendidas entre os 2 aos 18 anos aconselhe-se com o seu médico ou farmacêutico.Outros medicamentos e CircadinInforme o seu médico ou farmacêutico se estiver a tomar, tiver tomado recentemente, ou se","Ao tomar Circadin, pode ocorrer sonolência, o que pode afetar a capacidade de realizar certas tarefas, como dirigir. Além disso, o tabagismo pode reduzir a eficácia do Circadin, pois os componentes do tabaco podem acelerar a decomposição da melatonina pelo fígado. É importante ressaltar que o uso de Circadin não é recomendado em crianças e adolescentes, pois ainda não foi testado nessa faixa etária e seus efeitos são desconhecidos. É aconselhável consultar um médico ou farmacêutico para obter informações sobre outros medicamentos contendo melatonina que possam ser mais adequados para crianças entre 2 e 18 anos.",0.0003580045940197596,0.08920863309352518
Como posso guardar Clincina?,Clincina,"A Clincina deve ser armazenada em local fresco e seco, protegida da luz e umidade. É importante mantê-la fora do alcance de crianças e animais de estimação.",0.0014689842731191664,0.12738853503184713
Posso tomar Clensia na época de gravidez?,"tomar umdestes medicamentos, o seu médico dar-lhe-á um medicamento diferente para úlceras de estômago,azia ou refluxo de ácido, ou aconselhá-lo-á sobre como e quando tomar esse medicamento.Gravidez e contraceçãoDesconhecem-se quais são os efeitos de Epclusa durante a gravidez. Se está grávida, se pensa estargrávida ou planeia engravidar, consulte o seu médico antes de tomar este medicamento.Epclusa é por vezes utilizado juntamente com ribavirina. A ribavirina pode prejudicar o feto. Porconseguinte, é muito importante que você (ou a sua parceira) não engravide durante este tratamento oudurante um período de tempo após terminar o tratamento. Deve ler com muita atenção a secção“Gravidez” do folheto informativo da ribavirina. Aconselhe-se junto do seu médico sobre um métodocontracetivo eficaz adequado para si e para o seu parceiro ou parceira.AmamentaçãoNão amamente durante o tratamento com Epclusa. Não se sabe se o sofosbuvir ou velpatasvir, asduas substâncias ativas de Epclusa, passam",Não é recomendado tomar Clensia durante a gravidez. É importante consultar o seu médico antes de tomar qualquer medicamento durante a gravidez para garantir a segurança tanto para você quanto para o bebê.,0.0003192400344003922,0.06051437216338879
Riopan é indicado a partir de que idade?,"Não tome Riopan: se tem alergia à substância ativa ou a qualquer outro componente deste medicamento(indicados na secção 6). se tem problemas de rins (insuficiência renal com depuração da creatinina < 30ml/min). Em caso de tratamento prolongado com doses elevadas, Riopan só pode serusado com monitorização regular dos níveis séricos de magnésio e alumínio. Os níveisséricos de alumínio não devem ser superiores a 40 ng/ml.Advertências e precauçõesFale com o seu médico ou farmacêutico antes de tomar Riopan.Riopan pode ser administrado a diabéticos e a hipertensos porque não contém açúcar e épobre em sódio.CriançasRiopan não deve ser utilizado em crianças com idade inferior a 12 anos, uma vez quenão existem dados suficientes sobre o tratamento neste grupo etário.IdososA população idosa é vulnerável ao alumínio, constituinte do Riopan. Recomenda-se aprecaução na utilização: dentro das doses terapêuticas mínimas e em tratamentos curtos.Outros medicamentos e RiopanInforme o","Riopan não deve ser utilizado em crianças com idade inferior a 12 anos, uma vez que não existem dados suficientes sobre o tratamento neste grupo etário.",0.0008008733358928807,0.14234875444839856
O que faz o remédio de Lacteol?,Lacteol,"O remédio Lacteol é um probiótico que contém a bactéria Saccharomyces boulardii. Ele é utilizado para restaurar a flora intestinal e tratar distúrbios gastrointestinais, como diarreia aguda e crônica. A bactéria presente no Lacteol ajuda a equilibrar a microbiota intestinal, fortalecendo o sistema imunológico e melhorando a digestão.",0.0008904889901432265,0.10566037735849057
Em que situações não devo tomar Lorazepam Pharmakern?,"de Lorazepam Pharmakern do que os outros adultos, pelo quedeverão tomar uma dose menor.Doentes com insuficiência respiratóriaRecomenda-se igualmente a utilização de doses menores em doentes com insuficiênciarespiratória crónica pelo risco associado de depressão respiratória, como por exemplo emdoentes com doença pulmonar obstrutiva crónica (DPOC) ou síndrome da apneia dosono.Outros medicamentos e Lorazepam PharmakernInforme o seu médico ou farmacêutico se estiver a tomar, tiver tomado recentemente, ouse vier a tomar outros medicamentos.Tal como ocorre com outras benzodiazepinas, Lorazepam Pharmakern pode interferircom alguns medicamentos, em especial com os depressores do sistema nervoso central.Pode produzir-se uma potenciação do efeito depressor sobre o sistema nervoso central,desenvolvendo mais sonolência do que deveria, ao administrar Lorazepam Pharmakernjuntamente com: Medicamentos utilizados para o tratamento de doenças mentais (antipsicóticos,hipnóticos, ansiolíticos/sedantes,","Você não deve tomar Lorazepam Pharmakern em situações de insuficiência respiratória crônica, como doença pulmonar obstrutiva crônica (DPOC) ou síndrome da apneia do sono. Além disso, é importante informar ao seu médico ou farmacêutico se estiver tomando ou tiver tomado recentemente outros medicamentos, especialmente aqueles que também são depressores do sistema nervoso central, como antipsicóticos, hipnóticos e ansiolíticos/sedantes. Essa combinação pode potencializar o efeito depressor no sistema nervoso central, causando sonolência excessiva.",0.0002215776462129913,0.10632447296058661
Quais são os efeitos colaterais do Rytmonorm?,"pode levar a colapso com perigode vida). Os indivíduos que manipulem rotineiramente as formulações em pó estãomais predispostos a desenvolver estas reações (ver secção 2).Se tiver quaisquer efeitos secundários, incluindo possíveis efeitos secundários nãoindicados neste folheto, fale com o seu médico ou farmacêutico.",Os efeitos colaterais do Rytmonorm podem incluir colapso com perigo de vida. Indivíduos que manipulam rotineiramente as formulações em pó estão mais predispostos a desenvolver essas reações. É importante consultar o médico ou farmacêutico para obter informações mais detalhadas sobre os possíveis efeitos colaterais deste medicamento.,0.00044868244112323614,0.0782608695652174
Quais são os efeitos negativos ao tomar Campral?,"podem ser mais propensos a alguns dos efeitos mencionadosacima.Se tiver quaisquer efeitos secundários, incluindo possíveis efeitos secundários nãoindicados neste folheto, fale com o seu médico, farmacêutico ou enfermeiro.","Os possíveis efeitos negativos ao tomar Campral podem incluir efeitos secundários não mencionados neste folheto. Caso você apresente qualquer efeito secundário, é importante conversar com o seu médico, farmacêutico ou enfermeiro.",0.0006352315897482419,0.1027190332326284
Em que situações o remédio de Propycil é contraindicado?,"Não tome Dornite:−     se tem alergia à doxilamina, outros anti-histamínicos ou a qualquer outro      componente deste medicamento (indicados na secção 6),−     em casos de ataques de asma agudos,−     se tem glaucoma de ângulo fechado,−     se tem tumor nas suprarenais (feocromocitoma),−     se tem aumento da próstata (hipertrofia prostática) com retenção urinária,−      se tiver uma intoxicação aguda causada por álcool, medicamentos para dormir ou       para a dor ou medicamentos psicotrópicos (neurolépticos, tranquilizantes,       antidepressivos, lítio),−      se tem epilepsia,−      se está a tomar medicamentos conhecidos como inibidores da monoamina oxidase       (IMAOs) (medicamentos utilizados para tratar a depressão, Doença de Parkinson       ou outras condições, tais como, moclobemida, fenelzina e tranilcipromina,       isocarboxazida, linezolida, azul de metileno, procarbazina, rasagilina e selegilina).Advertências e precauçõesFale com o seu médico ou","O remédio Propycil é contraindicado em casos de hipersensibilidade à propiltiouracila ou a qualquer outro componente do medicamento, em casos de doença hepática grave, em mulheres grávidas ou que estejam amamentando, e em pacientes com distúrbios sanguíneos graves. É importante consultar um médico antes de iniciar o uso deste medicamento.",0.00031196678602553513,0.06944444444444445
Magnesona pode causar sonolência ou afetar minha habilidade de operar veículo?,"e naamamentação não é conhecida.Condução de veículos e utilização de máquinasA Claritromicina Zentiva pode causar-lhe tonturas ou vertigens. Se o afetar destaforma, não conduza nem opere máquinas ou realize qualquer tarefa em quenecessite de estar alerta.",A Magnesona não é conhecida por causar sonolência ou afetar a habilidade de operar veículos.,0.0008479096580450024,0.07272727272727274
Quais são possíveis efeitos colaterais gastrointestinais de Magnesona?,"para evitar fenómenosde competição ao nível da absorção digestiva. No caso de tratamento simultâneo comcálcio, recomenda-se intervalar as ingestões em pelo menos 3 horas.Magnesona pode também diminuir a absorção das tetraciclinas (antibióticos),bisfosfonatos (utilizados no tratamento da osteoporose), quinolonas (antibióticos),azitromicina (antibiótico) ou preparações de fluoreto de sódio (utilizadas na prevenção decáries dentárias). Espaçar a administração com Magnesona em 2 a 3 horas.Magnesona pode ainda interagir com os seguintes medicamentos: vitamina D,bloqueadores dos canais de cálcio (utilizados no tratamento da hipertensão arterial),depressores do sistema nervoso central (utilizados no alívio dos sintomas da ansiedade),eltrombopag (utilizado para aumentar o número de plaquetas no sangue), micofenolato(utilizado para prevenir a rejeição de órgãos transplantados), agentes de bloqueioneuromuscular (relaxantes musculares) e suplementos de fosfatos (utilizados paracorreção dos","Os possíveis efeitos colaterais gastrointestinais de Magnesona podem incluir diarreia, náuseas, vômitos e desconforto abdominal. É importante estar atento a esses sintomas e, caso ocorram, informar ao médico responsável pelo tratamento.",0.0008396363794450264,0.09243697478991597
Salagen pode ser utilizado por pessoas com histórico de problemas cardíacos ou respiratórios?,"cardiovascular instável, após hemorragia aguda;-Se sofre de problemas respiratórios como enfisema (destruição do tecido pulmonar) ebronquite crónica (inflamação dos brônquios).-Se é asmático e já sentiu efeitos secundáriosa nível respiratório após ter tomadomedicamentos para a asma.Tome especial cuidado com NausefeNausefe deve ser utilizado com precaução se sofre de:-Doença cardiovascular (doença coronária, arritmias cardíacas e hipertensão);-Doença do fígado ou dos rins;-Hipertiroidismo (doença da tiróide);-Hérnia do hiato (fraqueza do diafragma) associada com esofagite (inflamação doesófago);-Asma ou doença pulmonar obstrutiva crónica;-Neuropatia do sistema nervoso autónomo (o responsável pelo controlo das funçõesautomáticas do organismo: batimento do coração, movimentos intestinais, controlo dabexiga, etc.)Nausefe não deve ser utilizado em crianças com idade inferior a 12 anos e deve utilizar-se com precaução nos idosos;Ao tomar Nausefe com outros medicamentosInforme o seu médico","Salagen não deve ser utilizado por pessoas com histórico de problemas cardíacos ou respiratórios, como doença cardiovascular, problemas respiratórios crônicos, asma, entre outros. É importante tomar precauções ao utilizar esse medicamento, especialmente se você possui doenças do fígado ou dos rins, hipertiroidismo, hérnia do hiato associada com esofagite, neuropatia do sistema nervoso autônomo, entre outras condições. É recomendado consultar o médico antes de utilizar Salagen, especialmente se você possui histórico de problemas cardíacos ou respiratórios.",0.0004660884012285325,0.0975609756097561
Como posso conservar o Pipermel?,"Qual a composição de PipermelA substância activa é a piperazina (na forma hidratada). Cada grama de Pipermel xarope,contém 100 mg de piperazina, hidratada.Os outros componentes são: Ácido cítrico anidro, sacarose, mel, para-hidroxibenzoato demetilo (metilparabeno), sacarina sódica, etanol, aroma de ananás, aroma de maracujá eágua purificada.Qual o aspecto de Pipermel e conteúdo da embalagemPipermel apresenta-se em embalagens de 60 a 120 g de xarope, em frascos de vidro TipoIII de cor âmbar, com tampa inviolável.É possível que não sejam comercializadas todas as apresentações.","O Pipermel deve ser conservado em temperatura ambiente (15-30°C), protegido da luz e umidade. É importante manter o medicamento fora do alcance de crianças.",0.001383841005657,0.11180124223602483
Qual é a composição de Combantrin?,"Qual a Composição de CombantrinA substância activa é Pamoato de Pirantel. Cada ml de suspensão oral contémpamoato de pirantel equivalente a 50 mg de pirantel.Os outros componentes são: Silicato de Alumínio e Magnésio, Benzoato de Sódio,Lecitina, Essência de Caramelo, Aroma de Groselha, Polissorbato 80, Solução deSorbitol a 70%, Glicerol a 99,5%, Povidona K 25, Simeticone, Ácido Cítrico mono-hidratado, Água purificada.Qual o aspecto de Combantrin e o conteúdo da embalagemEmbalagens com 1 frasco de vidro âmbar de 15 ml de suspensão oral e uma colher-medida de 5 ml.A suspensão oral apresenta um sabor a caramelo e groselha que lhe é conferidopelas essências de caramelo e groselha que entram na composição do medicamento.Não contém sacarose nem lactose.","A composição de Combantrin é composta pela substância ativa Pamoato de Pirantel, que equivale a 50 mg de pirantel por ml de suspensão oral. Além disso, possui outros componentes como Silicato de Alumínio e Magnésio, Benzoato de Sódio, Lecitina, Essência de Caramelo, Aroma de Groselha, Polissorbato 80, Solução de Sorbitol a 70%, Glicerol a 99,5%, Povidona K 25, Simeticone, Ácido Cítrico mono-hidratado e Água purificada.",0.0015375876204576377,0.5209302325581394
Para que serve Benadon?,"comunicarefeitos secundários, estará a ajudar a fornecer mais informações sobre a segurança deste medicamento.                                                  o                                                nã","Benadon é um medicamento que tem como principal função a reposição de vitamina B6 no organismo. A vitamina B6 é essencial para o funcionamento adequado do sistema nervoso, além de desempenhar um papel importante no metabolismo de proteínas, carboidratos e gorduras. Portanto, o Benadon é indicado para o tratamento de deficiências de vitamina B6, bem como para auxiliar no tratamento de certas condições neurológicas. É importante ressaltar que o uso deste medicamento deve ser feito sob prescrição médica, pois somente um profissional de saúde poderá avaliar a necessidade e a dosagem adequada para cada paciente.",0.004687576252028749,0.15625
Como devo tomar Feldene?,"devido à sobrecarga de ferro.     se verificar uma diminuição marcada do volume da sua urina (sinal de problema nos rins).     se desenvolver uma erupção cutânea grave, ou dificuldade a respirar e tonturas ou inchaço,      principalmente na face e na garganta (sinal de reação alérgica grave, ver também secção 4      «Efeitos indesejáveis possíveis»).     se sentir uma combinação de quaisquer dos seguintes sintomas: erupção cutânea, vermelhidão      da pele, bolhas nos lábios, olhos ou boca, descamação da pele, febre alta, sintomas tipo gripe,      aumento dos gânglios linfáticos (sinal de reação cutânea grave, ver também secção 4 «Efeitos      indesejáveis possíveis»).     se sentir uma combinação de sonolência, dor abdominal na parte superior direita,      amarelecimento, ou amarelecimento aumentado da sua pele ou olhos, e urina escura (sinal de      problemas no fígado).     se sentir dificuldade em pensar, em lembrar-se de informação ou resolver problemas, estiver      menos alerta","Feldene é um medicamento anti-inflamatório não esteroide que deve ser tomado de acordo com as orientações do seu médico. A posologia recomendada é de 20 mg por dia, podendo ser dividida em duas doses de 10 mg. É importante tomar o medicamento com um copo de água, durante ou após as refeições, para reduzir o risco de efeitos indesejáveis no estômago. Evite exceder a dose recomendada e não interrompa o tratamento sem orientação médica. Caso tenha dúvidas ou experiencie algum efeito colateral, entre em contato com o seu médico.",0.0006076440725698157,0.14718614718614717
Alipza pode ser aplicado a pessoas com histórico de doenças hepáticas?,"2, 4, 10, 12, 14, 16, 20, 24 ou30 comprimidos com folheto informativo do doente. Disponível também em embalagenshospitalares de 100 e 500 comprimidos.É possível que não sejam comercializadas todas as apresentações.","Alipza não deve ser aplicado em pessoas com histórico de doenças hepáticas, pois pode causar danos ao fígado. É importante consultar um médico antes de iniciar o uso deste medicamento.",0.0002543051379228141,0.03990610328638498
Quais são os efeitos secundários de Selexid?,"efeitos secundáriosSe tiver quaisquer efeitos secundários, incluindo possíveis efeitos secundários não indicados nestefolheto, fale com o seu médico ou farmacêutico. Também poderá comunicar efeitos secundáriosdiretamente através do sistema nacional de notificação mencionado no Apêndice V. Ao comunicarefeitos secundários, estará a ajudar a fornecer mais informações sobre a segurança destemedicamento.","Os efeitos secundários de Selexid podem variar de pessoa para pessoa. Alguns dos efeitos secundários mais comuns incluem náuseas, vômitos, diarreia e erupções cutâneas. No entanto, é importante ressaltar que nem todas as pessoas que utilizam Selexid irão apresentar esses efeitos secundários. Caso você esteja experimentando algum efeito secundário ou tenha alguma preocupação, é recomendado que você entre em contato com o seu médico ou farmacêutico para obter mais informações e orientações.",0.0006972801076749497,0.1774193548387097
Como devo tomar Neupro?,"éseguro para si fazê-lo.O que fazer se for visto por outro médico ou tiver que ir ao hospitalSe for visto por outro médico ou tiver que ir ao hospital por qualquer razão, informesobre os medicamentos que está a tomar.Não tome qualquer outro medicamento sem o seu médico saber que está a tomarEndoxan.","Neupro é um medicamento que contém a substância ativa rotigotina e é utilizado para tratar os sintomas da doença de Parkinson e da síndrome das pernas inquietas. A posologia recomendada para Neupro é iniciar com uma dose baixa e aumentar gradualmente até a dose eficaz para cada paciente. O medicamento é administrado através de um adesivo transdérmico, que deve ser aplicado em uma área limpa e seca da pele, evitando regiões com irritação ou lesões. É importante seguir as instruções do médico quanto à frequência e duração do uso do adesivo. Além disso, é fundamental informar qualquer outro medicamento que esteja sendo utilizado ao médico, especialmente Endoxan, antes de iniciar o tratamento com Neupro. É importante ressaltar que a automedicação não é recomendada, portanto, não tome qualquer outro medicamento sem o conhecimento e orientação do seu médico.",0.0001550035916959753,0.07592067988668555
Quais são os componentes presentes na composição de Serevent?,"sangue podem mostrar níveis séricos de potássio e de sódio diminuídos.Se algum destes efeitos secundários lhe causar problemas, fale com o seu médico.Efeitos secundários notificados desde o início da comercialização de CoAprovelDesde a comercialização de CoAprovel foram notificados alguns efeitos indesejáveis. Os efeitosindesejáveis em que a frequência não é conhecida são: dor de cabeça, zumbidos, tosse, alteração dopaladar, indigestão, dor nas articulações e nos músculos, alteração da função hepática e compromissodos rins, níveis séricos de potássio aumentados e reações alérgicas, tais como erupção cutânea,urticária, inchaço da face, lábios, boca, língua ou garganta. Foram também notificados casos poucofrequentes de icterícia (amarelecimento da pele e/ou da zona branca dos olhos).Tal como acontece para qualquer combinação de duas substâncias ativas, não podem ser excluídos osefeitos secundários associados a cada um dos componentes.Efeitos secundários associados apenas com o","A composição de Serevent contém apenas um componente ativo, que é o salmeterol.",0.0011804574386995756,0.1342281879194631
Quais são os efeitos colaterais ao tomar Ursofalk?,"pode levar a colapso com perigode vida). Os indivíduos que manipulem rotineiramente as formulações em pó estãomais predispostos a desenvolver estas reações (ver secção 2).Se tiver quaisquer efeitos secundários, incluindo possíveis efeitos secundários nãoindicados neste folheto, fale com o seu médico ou farmacêutico.","Os possíveis efeitos colaterais ao tomar Ursofalk podem incluir colapso com perigo de vida. Indivíduos que manipulam rotineiramente as formulações em pó estão mais predispostos a desenvolver essas reações. É importante informar ao médico ou farmacêutico sobre qualquer efeito colateral, incluindo possíveis efeitos não indicados neste folheto.",0.0008471801976311801,0.11278195488721804
Em que situações o remédio de Campral é contraindicado?,"Não tome Campral se tem alergia ao acamprosato de cálcio ou a qualquer outro componente destemedicamento (indicados na secção 6); se está a amamentar; se sofre de problemas renais graves.Só os adultos devem tomar Campral. Este medicamento não é aconselhado a crianças eidosos.Advertências e precauçõesFale com o seu médico, farmacêutico ou enfermeiro antes de tomar Campral.Se sofre de problemas hepáticos graves.Campral não é usado para o tratamento dos sintomas agudos da fase de retirada doálcool.Na ausência de dados clínicos disponíveis, Campral não deve ser recomendado a doentescom idade inferior a 18 anos e superior a 65 anos.Devido à reconhecida e complexa inter-relação entre a dependência do álcool, depressão eideação suicida, recomenda-se que os doentes dependentes do álcool, incluindo os queestão a ser tratados com acamprosato, sejam acompanhados de perto quanto aosrespetivos sintomas.Outros medicamentos e CampralInforme o seu médico ou farmacêutico se estiver a","O remédio Campral é contraindicado em casos de alergia ao acamprosato de cálcio ou a qualquer outro componente do medicamento, em casos de amamentação e em casos de problemas renais graves. Também não é aconselhado para crianças, idosos e pacientes com problemas hepáticos graves. Além disso, não é indicado para o tratamento dos sintomas agudos da fase de retirada do álcool. É importante ressaltar que pacientes dependentes do álcool, incluindo aqueles em tratamento com acamprosato, devem ser acompanhados de perto quanto aos sintomas de depressão e ideação suicida, devido à complexa inter-relação entre a dependência do álcool e esses sintomas.",0.000425803318511719,0.21262458471760798
Do que Neotigason é composto?,"Não tome Neotigason se está grávida ou a amamentar se existir alguma possibilidade de engravidar, deve seguir as precauções em“Gravidez e programa de prevenção”, ver secção em “Advertências e precauções”. se tem alergia (hipersensibilidade) à acitretina ou a qualquer outro componente deNeotigason (indicados na secção 6 “Conteúdo da embalagem e outras informações”)ou se estiver a tomar outro medicamento retinóico, que incluem isotretinoína etazarotene;. se tem graves problemas de fígado; se tem graves problemas nos rins; se tem níveis muito elevados de gordura (lípidos) no seu sangue; se está a tomar medicamentos denominados de tetraciclinas (para tratar infeções)ou metotrexato (para problemas de pele, artrite ou cancro), ver secção “Outrosmedicamentos e Neotigason”; se está a tomar vitamina A, ver secção “Outros medicamentos e Neotigason”;Se pensa que alguma das situações se aplica a si, fale com o seu médico antes detomar Neotigason.Programa de prevenção da","Neotigason é composto por acitretina e outros componentes, que estão indicados na seção 6 ""Conteúdo da embalagem e outras informações"" do medicamento.",0.0007021030303874795,0.07308970099667773
Caso eu tenha histórico de doenças cardíacas posso tomar Norterol?,"ou terceiro grau sem pacemaker, bloqueio sino-auricular). Se sofre de uma frequência cardíaca baixa com sintomas. Se sofre de doença do nódulo sinusal. Se tem asma brônquica grave. Se sofre de perturbações graves da circulação sanguínea periférica (formas graves dadoença arterial oclusiva periférica e síndrome de Raynaud). Se tem uma doença não tratada das glândulas suprarrenais (feocromocitoma). Se tem excesso de acidez no sangue (acidose metabólica). Se tem insuficiência renal grave (depuração da creatinina <30 ml/min). Se tem insuficiência hepática grave. Se tem hipocaliemia (concentração baixa de potássio no sangue) refratária ou se temhiponatremia (concentração baixa de sódio no sangue) grave. Se tem hipercalcemia (concentração alta de cálcio no sangue). Se tem gota (depósitos de sais de ácido úrico nas articulações).Advertências e precauçõesFale com o seu médico ou farmacêutico antes de tomar Concor 10 Plus.Informe o seu médico se alguma das seguintes situações se aplicar a si:","Não é recomendado tomar Norterol se você tiver histórico de doenças cardíacas, como arritmias graves, bloqueio sino-auricular, frequência cardíaca baixa com sintomas, doença do nódulo sinusal ou perturbações graves da circulação sanguínea periférica. É importante consultar seu médico antes de tomar qualquer medicamento.",0.0002340362582041538,0.0502092050209205
Para que serve Octiset?,"de efeitos secundários.Se Octiset for utilizado em contacto com preparações tradicionais de lavagem elimpeza, a substância ativa dicloridrato de octenidina pode tornar-se ineficaz.Aplicar com cuidado em recém-nascidos, principalmente nos prematuros. Octisetpode causar graves lesões cutâneas. Remover o excesso de produto e garantir que asolução não permanece em contacto com a pele durante mais tempo do que énecessário (incluindo materiais com gotas de solução em contacto direto com odoente).Deve evitar-se a aplicação de Octiset nos olhos. Em caso de contacto com os olhos,lavar imediatamente com muita água.Crianças e adolescentesEstudos com Octiset realizados em lactentes e crianças com idade inferior a 12 anosconfirmaram a sua elevada eficácia, tolerabilidade e segurança. Em virtude dosdados fornecidos relativamente a crianças e adultos, o Octiset pode também serrecomendado para utilização em adolescentes.Outros medicamentos e OctisetInforme o seu médico ou farmacêutico se estiver a","Octiset serve para realizar a antissepsia da pele e mucosas, prevenindo infecções causadas por bactérias, fungos e vírus. É indicado para uso em recém-nascidos, crianças, adolescentes e adultos.",0.0014380661282131365,0.11464968152866242
Quais são os efeitos colaterais de Griponal?,"pode levar a colapso com perigode vida). Os indivíduos que manipulem rotineiramente as formulações em pó estãomais predispostos a desenvolver estas reações (ver secção 2).Se tiver quaisquer efeitos secundários, incluindo possíveis efeitos secundários nãoindicados neste folheto, fale com o seu médico ou farmacêutico.","Os efeitos colaterais de Griponal podem incluir colapso com perigo de vida. Além disso, pessoas que manipulam rotineiramente as formulações em pó estão mais predispostas a desenvolver essas reações. É importante consultar o médico ou farmacêutico caso ocorram quaisquer efeitos secundários, incluindo possíveis efeitos secundários não indicados no folheto.",0.000610296164782469,0.13150684931506848
Quais são os possíveis efeitos secundários ao tomar Otoceril?,"podem ser mais propensos a alguns dos efeitos mencionadosacima.Se tiver quaisquer efeitos secundários, incluindo possíveis efeitos secundários nãoindicados neste folheto, fale com o seu médico, farmacêutico ou enfermeiro.","Os possíveis efeitos secundários ao tomar Otoceril podem incluir alguns dos efeitos mencionados acima. Se você tiver quaisquer efeitos secundários, incluindo possíveis efeitos secundários não indicados neste folheto, é importante que você fale com o seu médico, farmacêutico ou enfermeiro.",0.002312374462432881,0.4
O que pode acontecer se eu exceder a dose de Cyteal,"Não utilize Cyteal: Se tem alergia à cloro-hexidina, hexamidina, clorocresol ou a qualquer outrocomponente deste medicamento (indicados na secção 6). Em caso contato com os olhos e ouvidos. Em caso de contato acidental da soluçãocom os olhos, lavar imediata e abundantemente com água. No canal auditivo externo se tem o tímpano perfurado, e em geral, no tecidonervoso ou meninges. Para desinfetar acessórios médicos e cirúrgicos. Para desinfeção de pele saudável (exemplo: antes de recolha de amostras oucirurgias).Advertências e precauçõesFale com o seu médico ou farmacêutico antes de utilizar Cyteal. Após a utilização deste produto, lave cuidadosamente com água abundante. Não utilize este medicamento, sem a opinião do médico, numa grande superfície depele, sob um penso oclusivo, em pele irritada (especialmente em pele queimada),membranas mucosas, na pele de bebés prematuros ou recém-nascidos devido aorisco de passagem para a circulação sanguínea. Foi notificada erupção","Se você exceder a dose de Cyteal, pode ocorrer irritação na pele, queimação, vermelhidão e coceira. É importante seguir a posologia recomendada pelo médico ou farmacêutico para evitar esses efeitos colaterais. Caso ocorra alguma reação adversa, é recomendado lavar abundantemente com água e procurar orientação médica.",0.0004968333319714713,0.09071274298056156
Como posso tomar o remédio de Modulanzime?,"Não tome Modulanzime se tem alergia (hipersensibilidade) a bromoprida, simeticone, pepsina A, amilase elipase ou a qualquer outro componente de Modulanzime. se a estimulação da motricidade gastro-intestinal apresentar perigo. se ocorrer hemorragia gastro-intestinal, obstrução mecânica ou perfuração digestiva. se tiver doença de Parkinson.Tome especial cuidado com ModulanzimeNão aplicável.Ao tomar Modulanzime com outros medicamentosInforme o seu médico ou farmacêutico se estiver a tomar ou tiver tomado recentementeoutros medicamentos, incluindo medicamentos obtidos sem receita médica.Modulanzime não apresenta incompatibilidade alimentar ou medicamentosa conhecida,exceto a associação a atropínicos que anulam o efeito sobre a motilidade digestiva.Gravidez e aleitamentoConsulte o seu médico ou farmacêutico antes de tomar qualquer medicamento.Como para todos os medicamentos, Modulanzime só deve ser administrado a grávidasquando estritamente necessário.Condução de veículos","A posologia recomendada para o medicamento Modulanzime é de 1 comprimido, 3 vezes ao dia, antes das refeições. É importante seguir as orientações do médico ou farmacêutico e não exceder a dose recomendada.",0.0011621296842377845,0.12935323383084577
Qual é a contraindicação ao tomar Maxilase?,"Não tome Maxilase Se tem alergia (hipersensibilidade) à substância activa, alfa-amilase, ou a qualquer outrocomponente de Maxilase.Tome especial cuidado com Maxilase Se é um doente com problemas hereditários raros de intolerância à frutose, malabsorçãoglucose-galactose ou insuficiência sucrase-isomaltase não devem tomar este medicamento. Quando da persistência ou aparecimento de novos sintomas (dores de garganta graves, dores decabeça, náuseas, vómitos) ou em caso de febre associada, deve reavaliar-se a estratégiaterapêutica.Este medicamento não deve ser utilizado durante longos períodos de tempo sem conselho médico.Tomar Maxilase com outros medicamentosNão há conhecimento de relatos de interacções entre a alfa amilase e outros produtos medicinais.Informe o seu médico ou farmacêutico se estiver a tomar ou tiver tomado recentemente outrosmedicamentos, incluindo medicamentos obtidos sem receita médica.Tomar Maxilase com alimentos ou bebidasAconselha-se a toma de","A contraindicação ao tomar Maxilase é se o paciente tiver alergia à substância ativa, alfa-amilase, ou a qualquer outro componente do medicamento. Além disso, pacientes com problemas hereditários raros de intolerância à frutose, malabsorção glucose-galactose ou insuficiência sucrase-isomaltase também não devem tomar este medicamento. É importante reavaliar a estratégia terapêutica caso ocorram sintomas como dores de garganta graves, dores de cabeça, náuseas, vômitos ou febre associada. Este medicamento também não deve ser utilizado por longos períodos de tempo sem aconselhamento médico.",0.0005765715890694754,0.2824601366742597
Para que serve Aldactazine?,"Não tome Aldactazine: se tem alergia à espironolactona, à altizida ou a qualquer outro componente destemedicamento (indicados na secção 6); se tem alergia a qualquer outro grupo de diuréticos (diuréticos tiazídicos) oumedicamentos utilizados no tratamento de infeções por bactérias (antibióticos dogrupo das sulfonamidas); se tem a função renal diminuída ou se não consegue urinar; se tem doença de Addison (deficiência hormonal caracterizada por fraquezaextrema, perda de peso e baixa pressão arterial); se tem os valores de potássio ou de cálcio no sangue elevados.Advertências e precauçõesFale com seu médico ou farmacêutico antes de tomar Aldactazine: se toma em simultâneo Aldactazine com certos medicamentos como diuréticospoupadores de potássio, medicamentos para controlar a pressão arterial [como osinibidores da enzima de conversão da angiotensina (IECAs)], trimetoprim outrimetoprim-sulfametoxazol, suplementos de potássio, substitutos do sal com grandequantidade de","Aldactazine é um medicamento utilizado para tratar condições como hipertensão arterial, edema (inchaço) e síndrome pré-menstrual. Ele é composto por espironolactona e altizida, que atuam como diuréticos, ajudando a eliminar o excesso de líquidos do corpo. É importante ressaltar que o uso desse medicamento deve ser feito apenas sob prescrição médica, pois possui contraindicações e pode causar efeitos colaterais.",0.0014534254377153513,0.17777777777777776
Quais são os efeitos negativos ao tomar Largactil?,"tratamento;Se é idoso: pode sofrer estes efeitos indesejáveis com maior frequência (ver secção 4). Sealgum destes efeitos ocorrer, consulte imediatamente o seu médico;Se é mulher e tem problemas de fertilidade (Dexcetoprofeno Elerdanite pode prejudicar afertilidade, pelo que não deve tomá-lo se está a planear ficar grávida ou a fazer testes defertilidade);Se sofrer de um distúrbio na formação do sangue e células do sangue;;Se tem lúpus eritematoso sistémico ou doença mista do tecido conjuntivo (alterações dosistema imunitário que afetam o tecido conjuntivo);Se sofreu no passado de doença inflamatória crónica do intestino (colite ulcerosa, doençade Crohn);Se sofre ou já sofreu de outras perturbações do estômago ou intestinais;Se está a tomar outros medicamentos que aumentem o risco de úlcera péptica ouhemorragia, como por exemplo esteroides orais, alguns antidepressivos (os do tipo ISRS,isto é, inibidores seletivos da recaptação da serotonina), os agentes que inibem acoagulação","Ao tomar Largactil, podem ocorrer alguns efeitos indesejáveis, especialmente em idosos, que podem ocorrer com maior frequência. Caso algum desses efeitos ocorra, é importante consultar imediatamente o médico. Além disso, é importante mencionar que o Largactil pode prejudicar a fertilidade em mulheres, portanto, se você está planejando engravidar ou realizar testes de fertilidade, não deve tomar este medicamento. Também é importante destacar que o Largactil pode causar distúrbios na formação do sangue e células do sangue, portanto, se você possui algum distúrbio nesse sentido, é necessário ter cautela ao utilizar este medicamento. Além disso, se você possui lúpus eritematoso sistêmico, doença mista do tecido conjuntivo, doença inflamatória crônica do intestino, ou outras perturbações do estômago ou intestinais, é importante informar o médico antes de iniciar o tratamento com Largactil. Por fim, se você está tomando outros medicamentos que aumentam o risco de úlcera péptica ou hemorragia, como esteroides orais, antidepressivos do tipo ISRS ou agentes que inibem a coagulação, é necessário ter cuidado ao utilizar o Largactil.",0.00033458297628876195,0.10419313850063532
Quando não devo tomar Victan?,"para outra condição ou numa dosediferente da que está escrita neste folheto informativo. Siga sempre as instruções doseu médico sobre como tomar o medicamento.Se não se sentir melhor ou se piorar após 14 dias, tem de consultar um médico.","Victan não deve ser tomado em caso de alergia a qualquer componente da fórmula, em casos de insuficiência respiratória grave, insuficiência hepática grave, síndrome de apneia do sono, miastenia gravis, glaucoma de ângulo fechado, intoxicação aguda por álcool ou medicamentos depressores do sistema nervoso central. Além disso, Victan não deve ser utilizado durante a gravidez e amamentação, a menos que seja estritamente necessário e sob orientação médica. É importante sempre seguir as instruções do médico e não utilizar Victan para outra condição ou em uma dose diferente da prescrita. Caso não haja melhora ou ocorra piora após 14 dias de uso, é necessário consultar um médico.",0.000262409267301122,0.11740473738414009
Quais são as precauções que devo tomar ao utilizar Aerinaze?,"branca, com a marcação “D12” na camada azul.Os comprimidos de Aerinaze são fornecidos em embalagens de 2, 4, 7, 10, 14 ou 20 comprimidos emblisters constituídos por películas laminadas com folha de cobertura.É possível que não sejam comercializadas todas as apresentações.","Ao utilizar Aerinaze, é importante tomar algumas precauções. É necessário evitar o consumo de álcool durante o tratamento, pois pode potencializar os efeitos sedativos do medicamento. Além disso, é recomendado evitar dirigir ou operar máquinas pesadas, pois o Aerinaze pode causar sonolência e diminuir a capacidade de concentração. É importante também informar o médico sobre qualquer outro medicamento que esteja utilizando, pois pode haver interações medicamentosas. Por fim, é fundamental seguir a posologia indicada pelo médico e não exceder a dose recomendada.",0.00032969450186769243,0.08695652173913043
Como posso guardar Acabel?,"comunicarefeitos secundários, estará a ajudar a fornecer mais informações sobre a segurança deste medicamento.                                                  o                                                nã","Acabel deve ser armazenado em local fresco e seco, protegido da luz e da umidade. É importante mantê-lo fora do alcance de crianças e animais de estimação.",0.0020092546225339274,0.12280701754385964
Quais são os efeitos colaterais de Cozaar?,"pode levar a colapso com perigode vida). Os indivíduos que manipulem rotineiramente as formulações em pó estãomais predispostos a desenvolver estas reações (ver secção 2).Se tiver quaisquer efeitos secundários, incluindo possíveis efeitos secundários nãoindicados neste folheto, fale com o seu médico ou farmacêutico.","Os possíveis efeitos colaterais de Cozaar podem incluir colapso com perigo de vida. Indivíduos que manipulam rotineiramente as formulações em pó estão mais predispostos a desenvolver essas reações. É importante consultar o médico ou farmacêutico caso ocorram quaisquer efeitos secundários, incluindo possíveis efeitos secundários não indicados neste folheto.",0.00034105811914474354,0.08656716417910447
Como devo tomar Blocan?,Blocan,"Blocan é um medicamento que deve ser tomado de acordo com a prescrição médica. A posologia recomendada pode variar de acordo com a condição de saúde do paciente e a gravidade do problema a ser tratado. É importante seguir as orientações do médico ou farmacêutico quanto à dose e frequência de administração. Caso tenha alguma dúvida, é sempre recomendado consultar um profissional de saúde.",0.0007471877590731998,0.15662650602409636
Quais são os pontos de atenção que devo tomar ao usar Fortzaar?,"Não tome Fortzaar se tem alergia ao losartan, à hidroclorotiazida ou a qualquer outro componente destemedicamento (indicados na secção 6), se tem alergia a outras substâncias derivadas das sulfonamidas (ex. outras tiazidas, algunsfármacos antibacterianos (como o cotrimoxazol, pergunte ao seu médico no caso de terdúvidas), se tem compromisso grave da função hepática, se tem níveis baixos de potássio, de sódio ou níveis elevados de cálcio que não podem sercorrigidos com tratamento, se sofre de gota, se tiver mais do que três meses de gravidez. (Também é preferível não tomar Fortzaar noinício da gravidez – Ver secção Gravidez), se tem compromisso grave da função renal ou se os seus rins não estão a produzir urina, se tem diabetes ou função renal diminuída e está a ser tratado com um medicamento quecontém aliscireno para diminuir a pressão arterial.Advertências e precauçõesFale com o seu médico, farmacêutico ou enfermeiro antes de tomar Fortzaar.Deve informar o seu","Ao usar Fortzaar, é importante prestar atenção aos seguintes pontos:

- Não tome Fortzaar se tiver alergia ao losartan, à hidroclorotiazida ou a qualquer outro componente do medicamento, ou se tiver alergia a outras substâncias derivadas das sulfonamidas.
- Não tome Fortzaar se tiver comprometimento grave da função hepática, níveis baixos de potássio, de sódio ou níveis elevados de cálcio que não possam ser corrigidos com tratamento, ou se sofrer de gota.
- Evite tomar Fortzaar no início da gravidez e se estiver grávida há mais de três meses.
- Não tome Fortzaar se tiver comprometimento grave da função renal ou se seus rins não estiverem produzindo urina.
- Se tiver diabetes ou função renal diminuída e estiver sendo tratado com um medicamento que contenha aliscireno para diminuir a pressão arterial, consulte seu médico antes de tomar Fortzaar.

É importante sempre conversar com seu médico, farmacêutico ou enfermeiro antes de iniciar o uso de Fortzaar.",0.00018630468990005233,0.15673141326188883
Quais são os efeitos desejáveis que posso ter ao tomar Lovastatina Azevedos?,"podem ser mais propensos a alguns dos efeitos mencionadosacima.Se tiver quaisquer efeitos secundários, incluindo possíveis efeitos secundários nãoindicados neste folheto, fale com o seu médico, farmacêutico ou enfermeiro.","Os efeitos desejáveis ao tomar Lovastatina Azevedos podem incluir a redução do colesterol ruim (LDL) e dos triglicerídeos, além do aumento do colesterol bom (HDL). No entanto, é importante ressaltar que cada pessoa pode ter uma resposta individual ao medicamento. É fundamental seguir as orientações do médico e relatar qualquer efeito indesejado que possa ocorrer durante o tratamento.",0.00027277843958835454,0.047058823529411764
Como funciona o Latuda?,Latuda,"O Latuda é um medicamento antipsicótico que atua no sistema nervoso central. Ele funciona bloqueando a ação de certos neurotransmissores, como a dopamina e a serotonina, que estão envolvidos na regulação do humor, pensamento e comportamento. Isso ajuda a reduzir os sintomas de transtornos psicóticos, como esquizofrenia e transtorno bipolar.",0.0010149653334812785,0.18779342723004694
Para que serve o Luveris?,"Não utilize Luveris    se tem alergia às gonadotropinas (tais como, hormona luteinizante, hormona folículo     estimulante ou gonadotropina coriónica humana) ou a qualquer outro componente deste     medicamento (indicados na secção 6).    se tem cancro do ovário, do útero ou da mama.    se já lhe foi diagnosticado um tumor cerebral.    se tem aumento do volume dos ovários ou bolsas de líquido dentro dos ovários (quisto ovárico)     de origem desconhecida.    se tem hemorragias vaginais de origem desconhecida.Não utilize Luveris se qualquer uma destas situações se aplicar a si. Se não tiver a certeza, fale com oseu médico ou farmacêutico antes de utilizar este medicamento.Advertências e precauçõesFale com o seu médico, farmacêutico ou enfermeiro antes de utilizar Luveris.A sua fertilidade e a do seu parceiro devem ser avaliadas antes de iniciar o tratamento.Recomenda-se que Luveris não seja utilizado se tiver alguma condição que normalmente torna umagravidez","O Luveris é utilizado no tratamento da infertilidade em mulheres que não ovulam ou que têm uma ovulação insuficiente. Ele contém gonadotropina coriônica humana, que estimula o desenvolvimento dos folículos ovarianos e a liberação dos óvulos. É importante ressaltar que o uso do Luveris deve ser feito apenas sob prescrição médica e acompanhamento especializado.",0.0011789452212402434,0.19791666666666666
Quais são os efeitos colaterais ao tomar Striverdi Respimat?,"doença, contribuindo paraminimizar os efeitos da doença no seu quotidiano.Para uma correta dosagem de Striverdi Respimat veja a secção 3. Como tomarStriverdi Respimat e as instruções de utilização no outro lado do folheto.","Os efeitos colaterais ao tomar Striverdi Respimat podem incluir dor de cabeça, tontura, tremores, boca seca, irritação na garganta, tosse, náuseas, dor nas costas e infecções respiratórias. É importante consultar um médico para obter mais informações sobre os possíveis efeitos colaterais e como lidar com eles.",0.0005280707216541961,0.10653753026634383
